-- phpMyAdmin SQL Dump
-- version 5.2.0
-- https://www.phpmyadmin.net/
--
-- Host: localhost:3306
-- Waktu pembuatan: 23 Sep 2023 pada 01.17
-- Versi server: 5.7.33
-- Versi PHP: 8.1.22

SET SQL_MODE = "NO_AUTO_VALUE_ON_ZERO";
START TRANSACTION;
SET time_zone = "+00:00";


/*!40101 SET @OLD_CHARACTER_SET_CLIENT=@@CHARACTER_SET_CLIENT */;
/*!40101 SET @OLD_CHARACTER_SET_RESULTS=@@CHARACTER_SET_RESULTS */;
/*!40101 SET @OLD_COLLATION_CONNECTION=@@COLLATION_CONNECTION */;
/*!40101 SET NAMES utf8mb4 */;

--
-- Database: `sipkm`
--

-- --------------------------------------------------------

--
-- Struktur dari tabel `tb_kl`
--

CREATE TABLE `tb_kl` (
  `id` int(11) NOT NULL,
  `kode_ba` varchar(255) DEFAULT NULL,
  `kode_akun` varchar(255) DEFAULT NULL,
  `kode_kab` varchar(255) DEFAULT NULL,
  `blokir` varchar(255) DEFAULT NULL,
  `kontrak` bigint(20) DEFAULT NULL,
  `pagu` bigint(20) DEFAULT NULL,
  `realisasi` bigint(20) DEFAULT NULL,
  `bulan` varchar(255) DEFAULT NULL,
  `created_at` timestamp NOT NULL,
  `updated_at` timestamp NOT NULL ON UPDATE CURRENT_TIMESTAMP
) ENGINE=InnoDB DEFAULT CHARSET=latin1;

--
-- Dumping data untuk tabel `tb_kl`
--

INSERT INTO `tb_kl` (`id`, `kode_ba`, `kode_akun`, `kode_kab`, `blokir`, `kontrak`, `pagu`, `realisasi`, `bulan`, `created_at`, `updated_at`) VALUES
(1, '5', '005', '1306', '0', 0, 6138446000, 432761094, '01-2023', '2023-09-22 01:10:30', '2023-09-22 01:10:30'),
(2, '5', '005', '1306', '0', 23333360, 2457438000, 26695986, '01-2023', '2023-09-22 01:10:30', '2023-09-22 01:10:30'),
(3, '5', '005', '1306', '0', 0, 28000000, 0, '01-2023', '2023-09-22 01:10:30', '2023-09-22 01:10:30'),
(4, '6', '006', '1306', '0', 0, 4899019000, 181783640, '01-2023', '2023-09-22 01:10:30', '2023-09-22 01:10:30'),
(5, '6', '006', '1306', '0', 0, 2811771000, 58762600, '01-2023', '2023-09-22 01:10:30', '2023-09-22 01:10:30'),
(6, '6', '006', '1306', '0', 0, 119200000, 0, '01-2023', '2023-09-22 01:10:30', '2023-09-22 01:10:30'),
(7, '13', '013', '1306', '0', 0, 5385359000, 344441559, '01-2023', '2023-09-22 01:10:30', '2023-09-22 01:10:30'),
(8, '13', '013', '1306', '0', 3667514163, 18703930000, 786969662, '01-2023', '2023-09-22 01:10:30', '2023-09-22 01:10:30'),
(9, '13', '013', '1306', '0', 0, 528647000, 0, '01-2023', '2023-09-22 01:10:30', '2023-09-22 01:10:30'),
(10, '15', '015', '1306', '0', 0, 858299000, 45220000, '01-2023', '2023-09-22 01:10:30', '2023-09-22 01:10:30'),
(11, '15', '015', '1306', '0', 0, 7638754000, 136568910, '01-2023', '2023-09-22 01:10:30', '2023-09-22 01:10:30'),
(12, '15', '015', '1306', '0', 0, 28500000, 0, '01-2023', '2023-09-22 01:10:30', '2023-09-22 01:10:30'),
(13, '22', '022', '1306', '0', 0, 7869647000, 567496621, '01-2023', '2023-09-22 01:10:30', '2023-09-22 01:10:30'),
(14, '22', '022', '1306', '0', 0, 13322106000, 499334548, '01-2023', '2023-09-22 01:10:30', '2023-09-22 01:10:30'),
(15, '22', '022', '1306', '0', 11140544283, 51000000000, 0, '01-2023', '2023-09-22 01:10:30', '2023-09-22 01:10:30'),
(16, '23', '023', '1306', '0', 0, 10736868000, 373162180, '01-2023', '2023-09-22 01:10:31', '2023-09-22 01:10:31'),
(17, '23', '023', '1306', '0', 0, 14237963000, 60207661, '01-2023', '2023-09-22 01:10:31', '2023-09-22 01:10:31'),
(18, '23', '023', '1306', '0', 0, 2335341000, 0, '01-2023', '2023-09-22 01:10:31', '2023-09-22 01:10:31'),
(19, '25', '025', '1306', '0', 0, 42349754000, 1231587883, '01-2023', '2023-09-22 01:10:31', '2023-09-22 01:10:31'),
(20, '25', '025', '1311', '0', 0, 10643196000, 271342139, '01-2023', '2023-09-22 01:10:31', '2023-09-22 01:10:31'),
(21, '25', '025', '1306', '0', 0, 8609170000, 342345674, '01-2023', '2023-09-22 01:10:31', '2023-09-22 01:10:31'),
(22, '25', '025', '1311', '0', 0, 3506498000, 49247095, '01-2023', '2023-09-22 01:10:31', '2023-09-22 01:10:31'),
(23, '25', '025', '1306', '0', 0, 389305000, 9999370, '01-2023', '2023-09-22 01:10:31', '2023-09-22 01:10:31'),
(24, '25', '025', '1311', '0', 0, 575334000, 0, '01-2023', '2023-09-22 01:10:31', '2023-09-22 01:10:31'),
(25, '29', '029', '1306', '0', 0, 5646971000, 223708384, '01-2023', '2023-09-22 01:10:31', '2023-09-22 01:10:31'),
(26, '29', '029', '1306', '30315000', 0, 6509588000, 110510818, '01-2023', '2023-09-22 01:10:31', '2023-09-22 01:10:31'),
(27, '29', '029', '1306', '0', 195997802, 1130227000, 0, '01-2023', '2023-09-22 01:10:31', '2023-09-22 01:10:31'),
(28, '32', '032', '1311', '0', 0, 2183225000, 64225281, '01-2023', '2023-09-22 01:10:31', '2023-09-22 01:10:31'),
(29, '32', '032', '1311', '298165000', 231266560, 5529146000, 0, '01-2023', '2023-09-22 01:10:31', '2023-09-22 01:10:31'),
(30, '32', '032', '1311', '0', 0, 325900000, 0, '01-2023', '2023-09-22 01:10:31', '2023-09-22 01:10:31'),
(31, '54', '054', '1306', '0', 0, 3451854000, 230262977, '01-2023', '2023-09-22 01:10:31', '2023-09-22 01:10:31'),
(32, '54', '054', '1311', '0', 0, 2490441000, 177508129, '01-2023', '2023-09-22 01:10:31', '2023-09-22 01:10:31'),
(33, '54', '054', '1306', '753022000', 0, 10431221000, 0, '01-2023', '2023-09-22 01:10:31', '2023-09-22 01:10:31'),
(34, '54', '054', '1311', '689246000', 0, 4506790000, 4476562, '01-2023', '2023-09-22 01:10:31', '2023-09-22 01:10:31'),
(35, '56', '056', '1306', '0', 0, 1858128000, 123202304, '01-2023', '2023-09-22 01:10:31', '2023-09-22 01:10:31'),
(36, '56', '056', '1311', '0', 0, 1192702000, 65023955, '01-2023', '2023-09-22 01:10:31', '2023-09-22 01:10:31'),
(37, '56', '056', '1306', '69135000', 0, 6265813000, 31483048, '01-2023', '2023-09-22 01:10:31', '2023-09-22 01:10:31'),
(38, '56', '056', '1311', '0', 6600000, 3277624000, 78000000, '01-2023', '2023-09-22 01:10:31', '2023-09-22 01:10:31'),
(39, '56', '056', '1306', '0', 418806000, 1003736000, 0, '01-2023', '2023-09-22 01:10:31', '2023-09-22 01:10:31'),
(40, '56', '056', '1311', '0', 1320248000, 1998676000, 0, '01-2023', '2023-09-22 01:10:31', '2023-09-22 01:10:31'),
(41, '60', '060', '1306', '0', 0, 43519612000, 3197772004, '01-2023', '2023-09-22 01:10:31', '2023-09-22 01:10:31'),
(42, '60', '060', '1311', '0', 0, 19341512000, 1430837618, '01-2023', '2023-09-22 01:10:31', '2023-09-22 01:10:31'),
(43, '60', '060', '1306', '0', 1191239084, 17788490000, 577403623, '01-2023', '2023-09-22 01:10:31', '2023-09-22 01:10:31'),
(44, '60', '060', '1311', '0', 666342500, 9439739000, 29526500, '01-2023', '2023-09-22 01:10:31', '2023-09-22 01:10:31'),
(45, '60', '060', '1306', '0', 0, 20000000, 0, '01-2023', '2023-09-22 01:10:31', '2023-09-22 01:10:31'),
(46, '60', '060', '1311', '0', 1122406740, 4090845000, 0, '01-2023', '2023-09-22 01:10:31', '2023-09-22 01:10:31'),
(47, '75', '075', '1306', '0', 0, 1203390000, 28171548, '01-2023', '2023-09-22 01:10:31', '2023-09-22 01:10:31'),
(48, '75', '075', '1306', '26380000', 0, 646698000, 23826295, '01-2023', '2023-09-22 01:10:31', '2023-09-22 01:10:31'),
(49, '75', '075', '1306', '0', 0, 201800000, 0, '01-2023', '2023-09-22 01:10:31', '2023-09-22 01:10:31'),
(50, '76', '076', '1306', '0', 0, 2120001000, 106551516, '01-2023', '2023-09-22 01:10:31', '2023-09-22 01:10:31'),
(51, '76', '076', '1311', '0', 0, 1951052000, 101067599, '01-2023', '2023-09-22 01:10:31', '2023-09-22 01:10:31'),
(52, '76', '076', '1306', '0', 0, 37615427000, 0, '01-2023', '2023-09-22 01:10:31', '2023-09-22 01:10:31'),
(53, '76', '076', '1311', '0', 0, 9251608000, 222258300, '01-2023', '2023-09-22 01:10:31', '2023-09-22 01:10:31'),
(54, '76', '076', '1306', '0', 0, 55229000, 0, '01-2023', '2023-09-22 01:10:31', '2023-09-22 01:10:31'),
(55, '76', '076', '1311', '0', 0, 51560000, 0, '01-2023', '2023-09-22 01:10:31', '2023-09-22 01:10:31'),
(56, '115', '115', '1306', '0', 0, 1048261000, 66304007, '01-2023', '2023-09-22 01:10:31', '2023-09-22 01:10:31'),
(57, '115', '115', '1306', '93398000', 0, 20568921000, 210438543, '01-2023', '2023-09-22 01:10:31', '2023-09-22 01:10:31'),
(58, '115', '115', '1306', '36036000', 0, 227490000, 0, '01-2023', '2023-09-22 01:10:31', '2023-09-22 01:10:31'),
(59, '999', '999', '1306', '0', 0, 272274894000, 30799346400, '01-2023', '2023-09-22 01:10:31', '2023-09-22 01:10:31'),
(60, '999', '999', '1311', '0', 0, 36738750000, 4577800350, '01-2023', '2023-09-22 01:10:31', '2023-09-22 01:10:31'),
(61, '999', '999', '1306', '0', 0, 1091068698000, 101954838000, '01-2023', '2023-09-22 01:10:31', '2023-09-22 01:10:31'),
(62, '999', '999', '1311', '0', 0, 461704891000, 52216124000, '01-2023', '2023-09-22 01:10:31', '2023-09-22 01:10:31'),
(63, '999', '999', '1306', '0', 0, 119557165000, 0, '01-2023', '2023-09-22 01:10:31', '2023-09-22 01:10:31'),
(64, '999', '999', '1311', '0', 0, 63618291000, 0, '01-2023', '2023-09-22 01:10:31', '2023-09-22 01:10:31'),
(65, '999', '999', '1311', '0', 0, 9943767000, 0, '01-2023', '2023-09-22 01:10:31', '2023-09-22 01:10:31'),
(66, '999', '999', '1306', '0', 0, 278677317000, 0, '01-2023', '2023-09-22 01:10:31', '2023-09-22 01:10:31'),
(67, '999', '999', '1311', '0', 0, 78311301000, 0, '01-2023', '2023-09-22 01:10:31', '2023-09-22 01:10:31'),
(68, '999', '999', '1306', '0', 0, 247797914000, 0, '01-2023', '2023-09-22 01:10:31', '2023-09-22 01:10:31'),
(69, '999', '999', '1311', '0', 0, 42952219000, 0, '01-2023', '2023-09-22 01:10:31', '2023-09-22 01:10:31'),
(70, '5', '005', '1306', '0', 0, 6138446000, 440244058, '02-2023', '2023-09-22 01:10:31', '2023-09-22 01:10:31'),
(71, '5', '005', '1306', '0', 23333360, 2457438000, 187170300, '02-2023', '2023-09-22 01:10:31', '2023-09-22 01:10:31'),
(72, '5', '005', '1306', '0', 0, 28000000, 0, '02-2023', '2023-09-22 01:10:31', '2023-09-22 01:10:31'),
(73, '6', '006', '1306', '0', 0, 4899019000, 365874842, '02-2023', '2023-09-22 01:10:31', '2023-09-22 01:10:31'),
(74, '6', '006', '1306', '0', 0, 2811771000, 145423450, '02-2023', '2023-09-22 01:10:31', '2023-09-22 01:10:31'),
(75, '6', '006', '1306', '0', 0, 119200000, 119200000, '02-2023', '2023-09-22 01:10:31', '2023-09-22 01:10:31'),
(76, '13', '013', '1306', '0', 0, 5385359000, 420293603, '02-2023', '2023-09-22 01:10:32', '2023-09-22 01:10:32'),
(77, '13', '013', '1306', '0', 3667514163, 18703930000, 1628434918, '02-2023', '2023-09-22 01:10:32', '2023-09-22 01:10:32'),
(78, '13', '013', '1306', '0', 0, 528647000, 0, '02-2023', '2023-09-22 01:10:32', '2023-09-22 01:10:32'),
(79, '15', '015', '1306', '0', 0, 858299000, 59129000, '02-2023', '2023-09-22 01:10:32', '2023-09-22 01:10:32'),
(80, '15', '015', '1306', '0', 0, 7638754000, 534759935, '02-2023', '2023-09-22 01:10:32', '2023-09-22 01:10:32'),
(81, '15', '015', '1306', '0', 0, 28500000, 0, '02-2023', '2023-09-22 01:10:32', '2023-09-22 01:10:32'),
(82, '22', '022', '1306', '0', 0, 7869647000, 623910977, '02-2023', '2023-09-22 01:10:32', '2023-09-22 01:10:32'),
(83, '22', '022', '1306', '0', 0, 13322106000, 975254208, '02-2023', '2023-09-22 01:10:32', '2023-09-22 01:10:32'),
(84, '22', '022', '1306', '0', 11140544283, 51000000000, 7779600000, '02-2023', '2023-09-22 01:10:32', '2023-09-22 01:10:32'),
(85, '23', '023', '1306', '0', 0, 10736868000, 723502845, '02-2023', '2023-09-22 01:10:32', '2023-09-22 01:10:32'),
(86, '23', '023', '1306', '0', 0, 14237963000, 788505636, '02-2023', '2023-09-22 01:10:32', '2023-09-22 01:10:32'),
(87, '23', '023', '1306', '0', 0, 2335341000, 139840000, '02-2023', '2023-09-22 01:10:32', '2023-09-22 01:10:32'),
(88, '25', '025', '1306', '0', 0, 42349754000, 1797104392, '02-2023', '2023-09-22 01:10:32', '2023-09-22 01:10:32'),
(89, '25', '025', '1311', '0', 0, 10643196000, 473352422, '02-2023', '2023-09-22 01:10:32', '2023-09-22 01:10:32'),
(90, '25', '025', '1306', '0', 0, 8609170000, 808393289, '02-2023', '2023-09-22 01:10:32', '2023-09-22 01:10:32'),
(91, '25', '025', '1311', '0', 0, 3506498000, 538831201, '02-2023', '2023-09-22 01:10:32', '2023-09-22 01:10:32'),
(92, '25', '025', '1306', '0', 0, 389305000, 217653000, '02-2023', '2023-09-22 01:10:32', '2023-09-22 01:10:32'),
(93, '25', '025', '1311', '0', 0, 575334000, 310874000, '02-2023', '2023-09-22 01:10:32', '2023-09-22 01:10:32'),
(94, '29', '029', '1306', '0', 0, 5646971000, 416883575, '02-2023', '2023-09-22 01:10:32', '2023-09-22 01:10:32'),
(95, '29', '029', '1306', '30315000', 0, 6509588000, 754102531, '02-2023', '2023-09-22 01:10:32', '2023-09-22 01:10:32'),
(96, '29', '029', '1306', '0', 195997802, 1130227000, 6745945, '02-2023', '2023-09-22 01:10:32', '2023-09-22 01:10:32'),
(97, '32', '032', '1311', '0', 0, 2183225000, 144462623, '02-2023', '2023-09-22 01:10:32', '2023-09-22 01:10:32'),
(98, '32', '032', '1311', '298165000', 231266560, 5529146000, 350991659, '02-2023', '2023-09-22 01:10:32', '2023-09-22 01:10:32'),
(99, '32', '032', '1311', '0', 0, 325900000, 0, '02-2023', '2023-09-22 01:10:32', '2023-09-22 01:10:32'),
(100, '54', '054', '1306', '0', 0, 3451854000, 255675075, '02-2023', '2023-09-22 01:10:32', '2023-09-22 01:10:32'),
(101, '54', '054', '1311', '0', 0, 2490441000, 181979050, '02-2023', '2023-09-22 01:10:32', '2023-09-22 01:10:32'),
(102, '54', '054', '1306', '753022000', 0, 10431221000, 341562858, '02-2023', '2023-09-22 01:10:32', '2023-09-22 01:10:32'),
(103, '54', '054', '1311', '689246000', 0, 4506790000, 191551271, '02-2023', '2023-09-22 01:10:32', '2023-09-22 01:10:32'),
(104, '56', '056', '1306', '0', 0, 1858128000, 123299304, '02-2023', '2023-09-22 01:10:32', '2023-09-22 01:10:32'),
(105, '56', '056', '1311', '0', 0, 1192702000, 73106955, '02-2023', '2023-09-22 01:10:32', '2023-09-22 01:10:32'),
(106, '56', '056', '1306', '69135000', 0, 6265813000, 275334690, '02-2023', '2023-09-22 01:10:32', '2023-09-22 01:10:32'),
(107, '56', '056', '1311', '0', 6600000, 3277624000, 95134500, '02-2023', '2023-09-22 01:10:32', '2023-09-22 01:10:32'),
(108, '56', '056', '1306', '0', 418806000, 1003736000, 0, '02-2023', '2023-09-22 01:10:32', '2023-09-22 01:10:32'),
(109, '56', '056', '1311', '0', 1320248000, 1998676000, 0, '02-2023', '2023-09-22 01:10:32', '2023-09-22 01:10:32'),
(110, '60', '060', '1306', '0', 0, 43519612000, 3095546120, '02-2023', '2023-09-22 01:10:32', '2023-09-22 01:10:32'),
(111, '60', '060', '1311', '0', 0, 19341512000, 1387793164, '02-2023', '2023-09-22 01:10:32', '2023-09-22 01:10:32'),
(112, '60', '060', '1306', '0', 1191239084, 17788490000, 2221640918, '02-2023', '2023-09-22 01:10:32', '2023-09-22 01:10:32'),
(113, '60', '060', '1311', '0', 666342500, 9439739000, 1123509583, '02-2023', '2023-09-22 01:10:32', '2023-09-22 01:10:32'),
(114, '60', '060', '1306', '0', 0, 20000000, 0, '02-2023', '2023-09-22 01:10:32', '2023-09-22 01:10:32'),
(115, '60', '060', '1311', '0', 1122406740, 4090845000, 128801300, '02-2023', '2023-09-22 01:10:32', '2023-09-22 01:10:32'),
(116, '75', '075', '1306', '0', 0, 1203390000, 81272766, '02-2023', '2023-09-22 01:10:32', '2023-09-22 01:10:32'),
(117, '75', '075', '1306', '26380000', 0, 646698000, 68554519, '02-2023', '2023-09-22 01:10:32', '2023-09-22 01:10:32'),
(118, '75', '075', '1306', '0', 0, 201800000, 19975000, '02-2023', '2023-09-22 01:10:32', '2023-09-22 01:10:32'),
(119, '76', '076', '1306', '0', 0, 2120001000, 146822921, '02-2023', '2023-09-22 01:10:32', '2023-09-22 01:10:32'),
(120, '76', '076', '1311', '0', 0, 1951052000, 150689240, '02-2023', '2023-09-22 01:10:32', '2023-09-22 01:10:32'),
(121, '76', '076', '1306', '0', 0, 37615427000, 1454469000, '02-2023', '2023-09-22 01:10:32', '2023-09-22 01:10:32'),
(122, '76', '076', '1311', '0', 0, 9251608000, 585527947, '02-2023', '2023-09-22 01:10:32', '2023-09-22 01:10:32'),
(123, '76', '076', '1306', '0', 0, 55229000, 0, '02-2023', '2023-09-22 01:10:32', '2023-09-22 01:10:32'),
(124, '76', '076', '1311', '0', 0, 51560000, 0, '02-2023', '2023-09-22 01:10:32', '2023-09-22 01:10:32'),
(125, '115', '115', '1306', '0', 0, 1048261000, 82478077, '02-2023', '2023-09-22 01:10:32', '2023-09-22 01:10:32'),
(126, '115', '115', '1306', '93398000', 0, 20568921000, 1795075798, '02-2023', '2023-09-22 01:10:32', '2023-09-22 01:10:32'),
(127, '115', '115', '1306', '36036000', 0, 227490000, 0, '02-2023', '2023-09-22 01:10:32', '2023-09-22 01:10:32'),
(128, '999', '999', '1306', '0', 0, 272274894000, 0, '02-2023', '2023-09-22 01:10:32', '2023-09-22 01:10:32'),
(129, '999', '999', '1311', '0', 0, 36738750000, 0, '02-2023', '2023-09-22 01:10:32', '2023-09-22 01:10:32'),
(130, '999', '999', '1306', '0', 0, 1091068698000, 50977419000, '02-2023', '2023-09-22 01:10:32', '2023-09-22 01:10:32'),
(131, '999', '999', '1311', '0', 0, 461704891000, 26108062000, '02-2023', '2023-09-22 01:10:32', '2023-09-22 01:10:32'),
(132, '999', '999', '1306', '0', 0, 119557165000, 0, '02-2023', '2023-09-22 01:10:32', '2023-09-22 01:10:32'),
(133, '999', '999', '1311', '0', 0, 63618291000, 0, '02-2023', '2023-09-22 01:10:33', '2023-09-22 01:10:33'),
(134, '999', '999', '1311', '0', 0, 9943767000, 0, '02-2023', '2023-09-22 01:10:33', '2023-09-22 01:10:33'),
(135, '999', '999', '1306', '0', 0, 278677317000, 10081630000, '02-2023', '2023-09-22 01:10:33', '2023-09-22 01:10:33'),
(136, '999', '999', '1311', '0', 0, 78311301000, 114930000, '02-2023', '2023-09-22 01:10:33', '2023-09-22 01:10:33'),
(137, '999', '999', '1306', '0', 0, 247797914000, 25461498600, '02-2023', '2023-09-22 01:10:33', '2023-09-22 01:10:33'),
(138, '999', '999', '1311', '0', 0, 42952219000, 0, '02-2023', '2023-09-22 01:10:33', '2023-09-22 01:10:33');

-- --------------------------------------------------------

--
-- Struktur dari tabel `tb_kodeakun`
--

CREATE TABLE `tb_kodeakun` (
  `kode_akun` varchar(255) NOT NULL,
  `deskripsi` text,
  `created_at` timestamp NOT NULL DEFAULT CURRENT_TIMESTAMP,
  `updated_at` timestamp NOT NULL DEFAULT CURRENT_TIMESTAMP ON UPDATE CURRENT_TIMESTAMP
) ENGINE=InnoDB DEFAULT CHARSET=latin1;

--
-- Dumping data untuk tabel `tb_kodeakun`
--

INSERT INTO `tb_kodeakun` (`kode_akun`, `deskripsi`, `created_at`, `updated_at`) VALUES
('51', 'BELANJA PEGAWAI', '2023-09-19 04:13:15', '2023-09-19 04:13:15'),
('52', 'BELANJA BARANG DAN BARANG', '2023-09-19 04:13:15', '2023-09-19 04:13:15'),
('53', 'BELANJA MODAL', '2023-09-19 04:13:15', '2023-09-19 04:13:15'),
('61', 'BELANJA DANA BAGI HASIL', '2023-09-19 04:13:15', '2023-09-19 04:13:15'),
('62', 'BELANJA DANA ALOKASI UMUM', '2023-09-19 04:13:15', '2023-09-19 04:13:15'),
('63', 'BELANJA DANA ALOKASI KHUSUS FISIK', '2023-09-19 04:13:15', '2023-09-19 04:13:15'),
('64', 'BELANJA DANA OTONOMI KHUSUS, DANA KEISTIMEWAAN DAERAH ISTIMEWA YOGYAKARTA, DAN DANA INSENTIF DAERAH', '2023-09-19 04:13:15', '2023-09-19 04:13:15'),
('65', 'DANA ALOKASI KHUSUS NON FISIK', '2023-09-19 04:13:15', '2023-09-19 04:13:15'),
('66', 'BELANJA DANA DESA', '2023-09-19 04:13:15', '2023-09-19 04:13:15');

-- --------------------------------------------------------

--
-- Struktur dari tabel `tb_kodeba`
--

CREATE TABLE `tb_kodeba` (
  `kode_ba` varchar(255) NOT NULL,
  `deskripsi` text,
  `created_at` timestamp NOT NULL DEFAULT CURRENT_TIMESTAMP,
  `updated_at` timestamp NOT NULL DEFAULT CURRENT_TIMESTAMP ON UPDATE CURRENT_TIMESTAMP
) ENGINE=InnoDB DEFAULT CHARSET=latin1;

--
-- Dumping data untuk tabel `tb_kodeba`
--

INSERT INTO `tb_kodeba` (`kode_ba`, `deskripsi`, `created_at`, `updated_at`) VALUES
('005', 'MAHKAMAH AGUNG', '2023-09-19 04:10:47', '2023-09-19 04:10:47'),
('006', 'KEJAKSAAN REPUBLIK INDONESIA', '2023-09-19 04:10:47', '2023-09-19 04:10:47'),
('013', 'KEMENTERIAN HUKUM DAN HAK ASASI MANUSIA RI', '2023-09-19 04:10:47', '2023-09-19 04:10:47'),
('015', 'KEMENTERIAN KEUANGAN', '2023-09-19 04:10:47', '2023-09-19 04:10:47'),
('022', 'KEMENTERIAN PERHUBUNGAN', '2023-09-19 04:10:47', '2023-09-19 04:10:47'),
('023', 'KEMENTERIAN PENDIDIKAN NASIONAL', '2023-09-19 04:10:47', '2023-09-19 04:10:47'),
('025', 'KEMENTERIAN AGAMA', '2023-09-19 04:10:47', '2023-09-19 04:10:47'),
('029', 'KEMENTERIAN LINGKUNGAN HIDUP DAN KEHUTANAN', '2023-09-19 04:10:47', '2023-09-19 04:10:47'),
('032', 'KEMENTERIAN KELAUTAN DAN PERIKANAN', '2023-09-19 04:10:47', '2023-09-19 04:10:47'),
('054', 'BADAN PUSAT STATISTIK', '2023-09-19 04:10:47', '2023-09-19 04:10:47'),
('056', 'KEMENTERIAN AGRARIA DAN TATA RUANG/BPN', '2023-09-19 04:10:47', '2023-09-19 04:10:47'),
('060', 'KEPOLISIAN NEGARA REPUBLIK INDONESIA', '2023-09-19 04:10:47', '2023-09-19 04:10:47'),
('075', 'BADAN METEOROLOGI, KLIMATOLOGI DAN GEOFISIKA', '2023-09-19 04:10:47', '2023-09-19 04:10:47'),
('076', 'KOMISI PEMILIHAN UMUM', '2023-09-19 04:10:47', '2023-09-19 04:10:47'),
('100', NULL, '2023-09-18 21:34:44', '2023-09-18 21:34:44'),
('115', 'BADAN PENGAWASAN PEMILIHAN UMUM', '2023-09-19 04:10:47', '2023-09-19 04:10:47');

-- --------------------------------------------------------

--
-- Struktur dari tabel `tb_kodekab`
--

CREATE TABLE `tb_kodekab` (
  `kode_kab` varchar(255) NOT NULL,
  `deskripsi` text,
  `created_at` timestamp NOT NULL DEFAULT CURRENT_TIMESTAMP,
  `updated_at` timestamp NOT NULL DEFAULT CURRENT_TIMESTAMP ON UPDATE CURRENT_TIMESTAMP
) ENGINE=InnoDB DEFAULT CHARSET=latin1;

--
-- Dumping data untuk tabel `tb_kodekab`
--

INSERT INTO `tb_kodekab` (`kode_kab`, `deskripsi`, `created_at`, `updated_at`) VALUES
('1306', 'KAB. KETAPANG', '2023-09-19 04:13:58', '2023-09-19 04:13:58'),
('1311', 'KAB. KAYONG UTARA', '2023-09-19 04:13:58', '2023-09-19 04:13:58');

-- --------------------------------------------------------

--
-- Struktur dari tabel `tb_pagu`
--

CREATE TABLE `tb_pagu` (
  `id` bigint(20) NOT NULL,
  `kode_ba` varchar(255) NOT NULL,
  `kode_akun` varchar(255) DEFAULT NULL,
  `kode_kab` varchar(255) DEFAULT NULL,
  `dipa` bigint(20) DEFAULT NULL,
  `created_at` timestamp NOT NULL DEFAULT CURRENT_TIMESTAMP,
  `updated_at` timestamp NOT NULL DEFAULT CURRENT_TIMESTAMP ON UPDATE CURRENT_TIMESTAMP
) ENGINE=InnoDB DEFAULT CHARSET=latin1;

--
-- Dumping data untuk tabel `tb_pagu`
--

INSERT INTO `tb_pagu` (`id`, `kode_ba`, `kode_akun`, `kode_kab`, `dipa`, `created_at`, `updated_at`) VALUES
(1, '005', '51', '1306', 6138446000, '2023-09-19 04:16:03', '2023-09-19 04:16:03'),
(2, '005', '52', '1306', 2457438000, '2023-09-19 04:16:03', '2023-09-19 04:16:03'),
(3, '005', '53', '1306', 28000000, '2023-09-19 04:16:03', '2023-09-19 04:16:03'),
(4, '006', '51', '1306', 4899019000, '2023-09-19 04:16:03', '2023-09-19 04:16:03'),
(5, '006', '52', '1306', 2811771000, '2023-09-19 04:16:03', '2023-09-19 04:16:03'),
(6, '006', '53', '1306', 119200000, '2023-09-19 04:16:03', '2023-09-19 04:16:03'),
(7, '013', '51', '1306', 5385359000, '2023-09-19 04:16:03', '2023-09-19 04:16:03'),
(8, '013', '52', '1306', 18703930000, '2023-09-19 04:16:03', '2023-09-19 04:16:03'),
(9, '013', '53', '1306', 528647000, '2023-09-19 04:16:03', '2023-09-19 04:16:03'),
(10, '015', '51', '1306', 858299000, '2023-09-19 04:16:03', '2023-09-19 04:16:03'),
(11, '015', '52', '1306', 7638754000, '2023-09-19 04:16:03', '2023-09-19 04:16:03'),
(12, '015', '53', '1306', 28500000, '2023-09-19 04:16:03', '2023-09-19 04:16:03'),
(13, '022', '51', '1306', 7869647000, '2023-09-19 04:16:03', '2023-09-19 04:16:03'),
(14, '022', '52', '1306', 13322106000, '2023-09-19 04:16:03', '2023-09-19 04:16:03'),
(15, '022', '53', '1306', 51000000000, '2023-09-19 04:16:03', '2023-09-19 04:16:03'),
(16, '023', '51', '1306', 10736868000, '2023-09-19 04:16:03', '2023-09-19 04:16:03'),
(17, '023', '52', '1306', 14237963000, '2023-09-19 04:16:03', '2023-09-19 04:16:03'),
(18, '023', '53', '1306', 2335341000, '2023-09-19 04:16:03', '2023-09-19 04:16:03'),
(19, '025', '51', '1306', 42349754000, '2023-09-19 04:16:03', '2023-09-19 04:16:03'),
(20, '025', '51', '1311', 10643196000, '2023-09-19 04:16:03', '2023-09-19 04:16:03'),
(21, '025', '52', '1306', 8609170000, '2023-09-19 04:16:03', '2023-09-19 04:16:03'),
(22, '025', '52', '1311', 3506498000, '2023-09-19 04:16:03', '2023-09-19 04:16:03'),
(23, '025', '53', '1306', 389305000, '2023-09-19 04:16:03', '2023-09-19 04:16:03'),
(24, '025', '53', '1311', 575334000, '2023-09-19 04:16:03', '2023-09-19 04:16:03'),
(25, '029', '51', '1306', 5646971000, '2023-09-19 04:16:03', '2023-09-19 04:16:03'),
(26, '029', '52', '1306', 6509588000, '2023-09-19 04:16:03', '2023-09-19 04:16:03'),
(27, '029', '53', '1306', 1130227000, '2023-09-19 04:16:03', '2023-09-19 04:16:03'),
(28, '032', '51', '1311', 2183225000, '2023-09-19 04:16:03', '2023-09-19 04:16:03'),
(29, '032', '52', '1311', 5529146000, '2023-09-19 04:16:03', '2023-09-19 04:16:03'),
(30, '032', '53', '1311', 325900000, '2023-09-19 04:16:03', '2023-09-19 04:16:03'),
(31, '054', '51', '1306', 3451854000, '2023-09-19 04:16:03', '2023-09-19 04:16:03'),
(32, '054', '51', '1311', 2490441000, '2023-09-19 04:16:03', '2023-09-19 04:16:03'),
(33, '054', '52', '1306', 10431221000, '2023-09-19 04:16:03', '2023-09-19 04:16:03'),
(34, '054', '52', '1311', 4506790000, '2023-09-19 04:16:03', '2023-09-19 04:16:03'),
(35, '056', '51', '1306', 1858128000, '2023-09-19 04:16:03', '2023-09-19 04:16:03'),
(36, '056', '51', '1311', 1192702000, '2023-09-19 04:16:03', '2023-09-19 04:16:03'),
(37, '056', '52', '1306', 6265813000, '2023-09-19 04:16:03', '2023-09-19 04:16:03'),
(38, '056', '52', '1311', 3277624000, '2023-09-19 04:16:03', '2023-09-19 04:16:03'),
(39, '056', '53', '1306', 1003736000, '2023-09-19 04:16:03', '2023-09-19 04:16:03'),
(40, '056', '53', '1311', 1998676000, '2023-09-19 04:16:03', '2023-09-19 04:16:03'),
(41, '060', '51', '1306', 43519612000, '2023-09-19 04:16:03', '2023-09-19 04:16:03'),
(42, '060', '51', '1311', 19341512000, '2023-09-19 04:16:03', '2023-09-19 04:16:03'),
(43, '060', '52', '1306', 17788490000, '2023-09-19 04:16:03', '2023-09-19 04:16:03'),
(44, '060', '52', '1311', 9439739000, '2023-09-19 04:16:03', '2023-09-19 04:16:03'),
(45, '060', '53', '1306', 20000000, '2023-09-19 04:16:03', '2023-09-19 04:16:03'),
(46, '060', '53', '1311', 4090845000, '2023-09-19 04:16:03', '2023-09-19 04:16:03'),
(47, '075', '51', '1306', 1203390000, '2023-09-19 04:16:03', '2023-09-19 04:16:03'),
(48, '075', '52', '1306', 646698000, '2023-09-19 04:16:03', '2023-09-19 04:16:03'),
(49, '075', '53', '1306', 201800000, '2023-09-19 04:16:03', '2023-09-19 04:16:03'),
(50, '076', '51', '1306', 2120001000, '2023-09-19 04:16:03', '2023-09-19 04:16:03'),
(51, '076', '51', '1311', 1951052000, '2023-09-19 04:16:03', '2023-09-19 04:16:03'),
(52, '076', '52', '1306', 37615427000, '2023-09-19 04:16:03', '2023-09-19 04:16:03'),
(53, '076', '52', '1311', 9251608000, '2023-09-19 04:16:03', '2023-09-19 04:16:03'),
(54, '076', '53', '1306', 55229000, '2023-09-19 04:16:03', '2023-09-19 04:16:03'),
(55, '076', '53', '1311', 51560000, '2023-09-19 04:16:03', '2023-09-19 04:16:03'),
(56, '115', '51', '1306', 1048261000, '2023-09-19 04:16:03', '2023-09-19 04:16:03'),
(57, '115', '52', '1306', 20568921000, '2023-09-19 04:16:03', '2023-09-19 04:16:03'),
(58, '115', '53', '1306', 227490000, '2023-09-19 04:16:03', '2023-09-19 04:16:03'),
(59, '999', '61', '1306', 272274894000, '2023-09-19 04:16:03', '2023-09-19 04:16:03'),
(60, '999', '61', '1311', 36738750000, '2023-09-19 04:16:03', '2023-09-19 04:16:03'),
(61, '999', '62', '1306', 1091068698000, '2023-09-19 04:16:03', '2023-09-19 04:16:03'),
(62, '999', '62', '1311', 461704891000, '2023-09-19 04:16:03', '2023-09-19 04:16:03'),
(63, '999', '63', '1306', 119557165000, '2023-09-19 04:16:03', '2023-09-19 04:16:03'),
(64, '999', '63', '1311', 63618291000, '2023-09-19 04:16:03', '2023-09-19 04:16:03'),
(65, '999', '64', '1311', 9943767000, '2023-09-19 04:16:03', '2023-09-19 04:16:03'),
(66, '999', '65', '1306', 278677317000, '2023-09-19 04:16:03', '2023-09-19 04:16:03'),
(67, '999', '65', '1311', 78311301000, '2023-09-19 04:16:03', '2023-09-19 04:16:03'),
(68, '999', '66', '1306', 247797914000, '2023-09-19 04:16:03', '2023-09-19 04:16:03'),
(69, '999', '66', '1311', 42952219000, '2023-09-19 04:16:03', '2023-09-19 04:16:03');

-- --------------------------------------------------------

--
-- Struktur dari tabel `user`
--

CREATE TABLE `user` (
  `id` int(11) NOT NULL,
  `email` varchar(255) DEFAULT NULL,
  `username` varchar(255) DEFAULT NULL,
  `password` varchar(255) DEFAULT NULL,
  `nama` varchar(255) DEFAULT NULL,
  `remember_token` varchar(255) DEFAULT NULL,
  `created_at` timestamp NULL DEFAULT CURRENT_TIMESTAMP,
  `updated_at` timestamp NULL DEFAULT CURRENT_TIMESTAMP ON UPDATE CURRENT_TIMESTAMP
) ENGINE=InnoDB DEFAULT CHARSET=latin1;

--
-- Dumping data untuk tabel `user`
--

INSERT INTO `user` (`id`, `email`, `username`, `password`, `nama`, `remember_token`, `created_at`, `updated_at`) VALUES
(27, 'arikkk@gmail.com', NULL, '$2y$10$aiiIism082ZNRachWERvBeQiaPhffMInatM35YEu1SQZ3jHBHeV5m', 'Irsyad', NULL, '2023-09-18 08:19:14', '2023-09-18 08:29:31'),
(28, 'jaja@gmailll', NULL, '$2y$10$hJAmn8ri7fCDioB3/e2Cu.vuGyJ3b4lfYwEHVWq88RYb6XtrDdfIi', 'aanna', NULL, '2023-09-18 18:31:11', '2023-09-18 18:31:11'),
(29, '@gaa]a]a,ajaj', NULL, '$2y$10$NTA4qXorUBid1D4WGBRTtO05mA5M48LywJUUorQj1FkmL.4ukI4VW', 'x,x', NULL, '2023-09-18 19:49:14', '2023-09-18 19:49:14'),
(30, 'mzmz', NULL, '$2y$10$M1B3ibzLdy6iRSTW1JU4beM3B9hqVb3WhkhRKnbebCd/951Dtz3w2', NULL, NULL, '2023-09-18 19:51:21', '2023-09-18 19:51:21'),
(31, 'atok@gmail.com', NULL, '$2y$10$nArYdA2KHz97Kie/tUn0Kel1nwebO4Q4hrbQHZM5seEss.BjRexLy', 'atok', NULL, '2023-09-19 07:14:40', '2023-09-19 07:15:34');

--
-- Indexes for dumped tables
--

--
-- Indeks untuk tabel `tb_kl`
--
ALTER TABLE `tb_kl`
  ADD PRIMARY KEY (`id`);

--
-- Indeks untuk tabel `tb_kodeakun`
--
ALTER TABLE `tb_kodeakun`
  ADD PRIMARY KEY (`kode_akun`);

--
-- Indeks untuk tabel `tb_kodeba`
--
ALTER TABLE `tb_kodeba`
  ADD PRIMARY KEY (`kode_ba`);

--
-- Indeks untuk tabel `tb_kodekab`
--
ALTER TABLE `tb_kodekab`
  ADD PRIMARY KEY (`kode_kab`);

--
-- Indeks untuk tabel `tb_pagu`
--
ALTER TABLE `tb_pagu`
  ADD PRIMARY KEY (`id`);

--
-- Indeks untuk tabel `user`
--
ALTER TABLE `user`
  ADD PRIMARY KEY (`id`);

--
-- AUTO_INCREMENT untuk tabel yang dibuang
--

--
-- AUTO_INCREMENT untuk tabel `tb_kl`
--
ALTER TABLE `tb_kl`
  MODIFY `id` int(11) NOT NULL AUTO_INCREMENT, AUTO_INCREMENT=139;

--
-- AUTO_INCREMENT untuk tabel `tb_pagu`
--
ALTER TABLE `tb_pagu`
  MODIFY `id` bigint(20) NOT NULL AUTO_INCREMENT, AUTO_INCREMENT=70;

--
-- AUTO_INCREMENT untuk tabel `user`
--
ALTER TABLE `user`
  MODIFY `id` int(11) NOT NULL AUTO_INCREMENT, AUTO_INCREMENT=32;
COMMIT;

/*!40101 SET CHARACTER_SET_CLIENT=@OLD_CHARACTER_SET_CLIENT */;
/*!40101 SET CHARACTER_SET_RESULTS=@OLD_CHARACTER_SET_RESULTS */;
/*!40101 SET COLLATION_CONNECTION=@OLD_COLLATION_CONNECTION */;
